smiles,solubility,quantile,cluster
OCC3OC(OCC2OC(OC(C#N)c1ccccc1)C(O)C(O)C2O)C(O)C(O)C3O ,-0.77,86,6
Cc1occc1C(=O)Nc2ccccc2,-3.3,41,6
CC(C)=CCCC(C)=CC(=O),-2.06,66,4
c1ccc2c(c1)ccc3c2ccc4c5ccccc5ccc43,-7.87,2,1
c1ccsc1,-1.33,78,11
c2ccc1scnc1c2 ,-1.5,76,11
Clc1cc(Cl)c(c(Cl)c1)c2c(Cl)cccc2Cl,-7.32,3,3
CC12CCC3C(CCc4cc(O)ccc34)C2CCC1O,-5.03,15,6
ClC4=C(Cl)C5(Cl)C3C1CC(C2OC12)C3C4(Cl)C5(Cl)Cl,-6.29,7,6
COc5cc4OCC3Oc2c1CC(Oc1ccc2C(=O)C3c4cc5OC)C(C)=C ,-4.42,23,6
O=C1CCCN1,1.07,99,4
Clc1ccc2ccccc2c1,-4.14,28,1
CCCC=C,-2.68,52,4
CCC1(C(=O)NCNC1=O)c2ccccc2,-2.64,53,6
CCCCCCCCCCCCCC,-7.96,2,2
CC(C)Cl,-1.41,77,4
CCC(C)CO,-0.47,90,7
N#Cc1ccccc1,-1.0,83,5
CCOP(=S)(OCC)Oc1cc(C)nc(n1)C(C)C,-3.64,35,6
CCCCCCCCCC(C)O,-2.94,48,7
Clc1ccc(c(Cl)c1)c2c(Cl)ccc(Cl)c2Cl ,-7.43,3,3
O=c2[nH]c1CCCc1c(=O)n2C3CCCCC3,-4.593999999999999,20,6
CCOP(=S)(OCC)SCSCC,-4.11,28,11
CCOc1ccc(NC(=O)C)cc1,-2.35,60,9
CCN(CC)c1c(cc(c(N)c1N(=O)=O)C(F)(F)F)N(=O)=O,-5.47,11,6
CCCCCCCO,-1.81,71,7
Cn1c(=O)n(C)c2nc[nH]c2c1=O,-1.39,77,6
CCCCC1(CC)C(=O)NC(=O)NC1=O,-1.661,73,8
ClC(Cl)=C(c1ccc(Cl)cc1)c2ccc(Cl)cc2,-6.9,5,5
CCCCCCCC(=O)OC,-3.17,44,12
CCc1ccc(CC)cc1,-3.75,34,5
CCOP(=S)(OCC)SCSC(C)(C)C,-4.755,18,11
COC(=O)Nc1cccc(OC(=O)Nc2cccc(C)c2)c1,-4.805,17,6
ClC(=C)Cl,-1.64,73,11
Cc1cccc2c1Cc3ccccc32,-5.22,14,6
CCCCC=O,-0.85,85,2
N(c1ccccc1)c2ccccc2,-3.504,38,9
CN(C)C(=O)SCCCCOc1ccccc1,-3.927,31,11
CCCOP(=S)(OCCC)SCC(=O)N1CCCCC1C,-4.15,27,11
CCCCCCCI,-4.81,17,2
c1c(Cl)cccc1c2ccccc2,-4.88,16,3
OCCCC=C,-0.15,93,12
O=C2NC(=O)C1(CCC1)C(=O)N2,-1.655,73,8
CC(C)C1CCC(C)CC1O ,-2.53,56,2
CC(C)OC=O,-0.63,88,12
CCCCCC(C)O,-1.55,75,7
CC(=O)Nc1ccc(Br)cc1,-3.083,46,9
c1ccccc1n2ncc(N)c(Br)c2(=O),-3.127,45,6
COC(=O)C1=C(C)NC(=C(C1c2ccccc2N(=O)=O)C(=O)OC)C ,-4.76,18,6
c2c(C)cc1nc(C)ccc1c2 ,-1.94,69,1
CCCCCCC#C,-3.66,35,2
CCC1(C(=O)NC(=O)NC1=O)C2=CCCCC2 ,-2.17,64,8
c1ccc2c(c1)ccc3c4ccccc4ccc23,-8.057,1,1
CCC(C)n1c(=O)[nH]c(C)c(Br)c1=O ,-2.523,56,6
Clc1cccc(c1Cl)c2c(Cl)c(Cl)cc(Cl)c2Cl ,-8.6,0,3
Cc1ccccc1O,-0.62,88,5
CC(C)CCC(C)(C)C,-5.05,15,2
Cc1ccc(C)c2ccccc12,-4.14,28,1
Cc1cc2c3ccccc3ccc2c4ccccc14,-6.57,6,1
CCCC(=O)C,-0.19,92,2
Clc1cc(Cl)c(Cl)c(c1Cl)c2c(Cl)c(Cl)cc(Cl)c2Cl ,-9.15,0,3
CCCOC(=O)CC,-0.82,85,12
CC34CC(O)C1(F)C(CCC2=CC(=O)C=CC12C)C3CC(O)C4(O)C(=O)CO,-3.68,34,0
Nc1ccc(O)cc1,-0.8,86,9
O=C(Cn1ccnc1N(=O)=O)NCc2ccccc2,-2.81,50,6
OC4=C(C1CCC(CC1)c2ccc(Cl)cc2)C(=O)c3ccccc3C4=O,-5.931,9,6
CCNc1nc(Cl)nc(n1)N(CC)CC,-4.06,29,11
NC(=O)c1cnccn1,-0.667,88,11
CCC(Br)(CC)C(=O)NC(N)=O,-2.68,52,11
Clc1ccccc1c2ccccc2Cl ,-5.27,13,3
O=C2CN(N=Cc1ccc(o1)N(=O)=O)C(=O)N2 ,-3.38,40,6
Clc2ccc(Oc1ccc(cc1)N(=O)=O)c(Cl)c2,-5.46,12,9
CC1(C)C2CCC1(C)C(=O)C2,-1.96,68,0
O=C1NC(=O)NC(=O)C1(CC=C)c1ccccc1,-2.369,59,6
CCCCC(=O)OCC,-2.25,62,12
CC(C)CCOC(=O)C,-1.92,69,12
O=C1N(COC(=O)CCCCC)C(=O)C(N1)(c2ccccc2)c3ccccc3,-5.886,9,6
Clc1cccc(c1)c2cc(Cl)ccc2Cl ,-6.01,9,3
CCCBr,-1.73,72,4
CCCC1COC(Cn2cncn2)(O1)c3ccc(Cl)cc3Cl,-3.4930000000000003,38,6
COP(=S)(OC)SCC(=O)N(C)C=O,-1.995,67,11
Cc1ncnc2nccnc12,-0.466,90,11
NC(=S)N,0.32,95,11
Cc1ccc(C)cc1,-2.77,51,5
CCc1ccccc1CC,-3.28,42,5
ClC(Cl)(Cl)C(Cl)(Cl)Cl,-3.67,35,4
CC(C)C(C(=O)OC(C#N)c1cccc(Oc2ccccc2)c1)c3ccc(OC(F)F)cc3,-6.876,5,6
CCCN(=O)=O,-0.8,86,4
CC(C)C1CCC(C)CC1=O,-2.35,60,2
CCN2c1cc(Cl)ccc1NC(=O)c3cccnc23 ,-5.36,12,6
O=N(=O)c1c(Cl)c(Cl)ccc1,-3.48,38,9
CCCC(C)C1(CC=C)C(=O)NC(=S)NC1=O ,-3.46,39,8
c1ccc2c(c1)c3cccc4cccc2c34,-6.0,9,11
CCCOC(C)C,-1.34,78,12
Cc1cc(C)c2ccccc2c1,-4.29,25,1
CCC(=C(CC)c1ccc(O)cc1)c2ccc(O)cc2 ,-4.07,29,5
c1(C#N)c(Cl)c(C#N)c(Cl)c(Cl)c(Cl)1,-5.64,11,10
Clc1ccc(Cl)c(c1)c2ccc(Cl)c(Cl)c2,-7.25,4,3
C1OC1c2ccccc2 ,-1.6,74,5
CC(C)c1ccccc1,-3.27,42,5
CC12CCC3C(CCC4=CC(=O)CCC34C)C2CCC1C(=O)CO,-3.45,39,0
c2(Cl)c(Cl)c(Cl)c1nccnc1c2(Cl) ,-5.43,12,11
C1OC(O)C(O)C(O)C1O,0.39,96,11
ClCCl,-0.63,88,11
CCc1cccc2ccccc12,-4.17,27,5
COC=O,0.58,97,11
Oc1ccccc1N(=O)=O,-1.74,72,9
Cc1c[nH]c(=O)[nH]c1=O ,-1.506,76,11
CC(C)C,-2.55,55,4
OCC1OC(C(O)C1O)n2cnc3c(O)ncnc23,-1.23,80,6
Oc1c(I)cc(C#N)cc1I,-3.61,36,5
Oc1ccc(Cl)cc1C(=O)Nc2ccc(cc2Cl)N(=O)=O,-4.7,19,6
CCCCC,-3.18,44,2
c1ccccc1O,0.0,94,10
Nc3ccc2cc1ccccc1cc2c3 ,-5.17,14,1
Cn1cnc2n(C)c(=O)[nH]c(=O)c12 ,-2.523,56,6
c1ccc2cnccc2c1,-1.45,77,1
COP(=S)(OC)SCC(=O)N(C(C)C)c1ccc(Cl)cc1,-4.432,23,6
CCCCCCc1ccccc1,-5.21,14,5
Clc1ccccc1c2ccccc2,-4.54,21,3
CCCC(=C)C,-3.03,47,2
CC(C)C(C)C(C)C,-4.8,17,2
Clc1cc(Cl)c(Cl)c(Cl)c1Cl,-5.65,11,10
Oc1cccc(c1)N(=O)=O,-1.01,83,9
CCCCCCCCC=C,-5.51,11,2
CC(=O)OCC(COC(=O)C)OC(=O)C,-0.6,89,11
CCCCc1c(C)nc(nc1O)N(C)C ,-2.24,62,6
CC1(C)C(C=C(Cl)Cl)C1C(=O)OC(C#N)c2ccc(F)c(Oc3ccccc3)c2,-7.337000000000001,3,6
c1ccncc1,0.76,98,11
CCCCCCCBr,-4.43,23,2
Cc1ccncc1C,0.36,95,1
CC34CC(O)C1(F)C(CCC2=CC(=O)CCC12C)C3CCC4(O)C(=O)CO ,-3.43,39,0
CCSCc1ccccc1OC(=O)NC ,-2.09,65,6
CCOC(=O)CC(=O)OCC,-0.82,85,12
CC1=CCC(CC1)C(C)=C,-4.26,25,11
C1Cc2ccccc2C1,-3.04,47,5
CC(C)(C)c1ccc(O)cc1,-2.41,58,5
O=C2NC(=O)C1(CC1)C(=O)N2 ,-1.886,70,8
Clc1cccc(I)c1,-3.55,37,10
Brc1cccc2ccccc12,-4.35,24,1
CC/C=C/C,-2.54,56,4
Cc1cccc(C)n1,0.45,96,11
ClC=C(Cl)Cl,-1.96,68,11
Nc1cccc2ccccc12,-1.92,69,1
Cc1cccc(C)c1,-2.82,50,5
Oc2ncc1nccnc1n2,-1.947,69,11
CO,1.57,99,11
CCC1(CCC(C)C)C(=O)NC(=O)NC1=O,-2.468,57,8
CCC(=O)C,0.52,97,2
Fc1c[nH]c(=O)[nH]c1=O ,-1.077,82,11
Nc1ncnc2n(ccc12)C3OC(CO)C(O)C3O ,-1.95,69,6
Oc1cccc(O)c1,0.81,98,10
CCCCCCO,-1.24,80,7
CCCCCCl,-2.73,51,2
C=CC=C,-1.87,70,4
CCCOC(=O)C,-0.72,87,12
Oc2ccc1CCCCc1c2 ,-1.99,67,5
NC(=O)CCl ,-0.02,93,4
COP(=S)(OC)Oc1cc(Cl)c(I)cc1Cl,-6.62,6,6
Cc1ccc(Cl)cc1,-3.08,46,5
CSc1nnc(c(=O)n1N)C(C)(C)C,-2.253,62,6
Cc1ccc(OP(=O)(Oc2cccc(C)c2)Oc3ccccc3C)cc1,-6.01,9,6
CCCCCC=O,-1.3,78,2
CCCCOC(=O)c1ccc(N)cc1,-3.082,46,5
O2c1cc(C)ccc1N(C)C(=O)c3cc(N)cnc23 ,-3.043,47,6
CC(C)=CCC/C(C)=C\CO,-2.46,57,4
Clc1ccc(cc1)c2ccccc2Cl ,-5.28,13,3
O=C1N(COC(=O)CCCCCCC)C(=O)C(N1)(c2ccccc2)c3ccccc3,-6.523,6,6
CCN(=O)=O,-0.22,92,4
CCN(CC(C)=C)c1c(cc(cc1N(=O)=O)C(F)(F)F)N(=O)=O,-6.124,8,6
Clc1ccc(Cl)c(Cl)c1Cl,-4.57,21,10
CCCC(C)(COC(N)=O)COC(N)=O ,-1.807,71,11
CC(=O)C3CCC4C2CC=C1CC(O)CCC1(C)C2CCC34C ,-4.65,19,0
CI,-1.0,83,11
CC1CC(C)C(=O)C(C1)C(O)CC2CC(=O)NC(=O)C2 ,-1.13,81,0
O=C1N(COC(=O)CCCCCC)C(=O)C(N1)(c2ccccc2)c3ccccc3,-6.301,7,6
CC1=CC(=O)CC(C)(C)C1 ,-1.06,82,11
O=C1NC(=O)NC(=O)C1(CC)C(C)CC,-2.39,58,8
CCCCC(=O)CCCC,-2.58,55,2
CCC1(CCC(=O)NC1=O)c2ccccc2 ,-2.337,61,6
CCC(C)CC,-3.68,34,2
CCOc1ccc(cc1)C(C)(C)COCc3cccc(Oc2ccccc2)c3,-8.6,0,6
Cc1ccccc1n3c(C)nc2ccccc2c3=O,-2.925,49,6
ClCC#N,-0.092,93,4
CCOP(=S)(CC)Oc1cc(Cl)c(Cl)cc1Cl,-5.752000000000001,10,6
CC12CCC(=O)C=C1CCC3C2CCC4(C)C3CCC4(O)C#C ,-5.66,10,0
c1ccnnc1,1.1,99,11
Clc1cc(Cl)c(Cl)c(Cl)c1,-4.63,20,10
C1C(O)CCC2(C)CC3CCC4(C)C5(C)CC6OCC(C)CC6OC5CC4C3C=C21,-7.32,3,0
Nc1ccccc1O,-0.72,87,9
CCCCCCCCC(=O)OCC,-3.8,33,12
COCC(=O)N(C(C)C(=O)OC)c1c(C)cccc1C ,-1.601,74,6
CNC(=O)Oc1ccccc1OC(C)C,-2.05,66,6
CCC(C)Cl,-1.96,68,4
Oc1ccc2ccccc2c1,-2.28,62,1
CC(C)Oc1cc(c(Cl)cc1Cl)n2nc(oc2=O)C(C)(C)C,-5.696000000000001,10,6
CCCCC#C,-2.36,59,2
CCCCCCCC#C,-4.24,26,2
Cc1ccccc1Cl,-3.52,38,5
CC(C)OC(C)C,-1.1,82,12
Nc1ccc(cc1)S(=O)(=O)c2ccc(N)cc2,-3.094,45,11
CNN,1.34,99,11
CC#C,-0.41,90,4
CCOP(=S)(OCC)ON=C(C#N)c1ccccc1,-4.862,17,6
CCNP(=S)(OC)OC(=CC(=O)OC(C)C)C,-3.408,39,11
C=CC=O,0.57,97,4
O=c1[nH]cnc2nc[nH]c12 ,-2.296,61,11
Oc2ccc1ncccc1c2 ,-2.16,64,1
Fc1ccccc1,-1.8,71,1
CCCCl,-1.47,76,4
CCOC(=O)C,-0.04,93,12
CCCC(C)(C)C,-4.36,24,2
Cc1cc(C)c(C)c(C)c1C,-4.0,30,5
CC12CCC(CC1)C(C)(C)O2 ,-1.64,73,0
CCCCOC(=O)CCCCCCCCC(=O)OCCCC,-3.896,31,12
Clc1ccc(cc1)c2ccc(Cl)cc2 ,-6.56,6,3
Cc1cccnc1C,0.38,96,1
CC(=C)C1CC=C(C)C(=O)C1,-2.06,66,11
CCOP(=S)(OCC)SCSc1ccc(Cl)cc1,-5.736000000000001,10,11
COc1cc(cc(OC)c1O)C6C2C(COC2=O)C(OC4OC3COC(C)OC3C(O)C4O)c7cc5OCOc5cc67,-3.571,37,6
c1cc2cccc3c4cccc5cccc(c(c1)c23)c54,-8.804,0,1
Cc1ccc(cc1N(=O)=O)N(=O)=O,-2.82,50,9
c1c(Br)ccc2ccccc12 ,-4.4,23,1
CNC(=O)Oc1cccc(N=CN(C)C)c1,-2.34,60,6
COc2cnc1ncncc1n2,-1.139,81,11
Cc3ccnc4N(C1CC1)c2ncccc2C(=O)Nc34 ,-3.19,43,6
CCOP(=S)(OCC)Oc1nc(Cl)n(n1)C(C)C,-3.658,35,11
CC(=C)C=C,-2.03,66,4
CC(C)=CCCC(O)(C)C=C,-1.99,67,4
COP(=S)(OC)Oc1ccc(SC)c(C)c1,-4.57,21,6
OC1CCCCC1,-0.44,90,7
O=C1NC(=O)NC(=O)C1(C)CC=C,-1.16,81,8
CC34CCC1C(CCC2CC(O)CCC12C)C3CCC4=O,-4.16,27,0
OCC(O)C(O)C(O)C(O)CO ,0.06,94,12
Cc1ccc(cc1)c2ccccc2,-4.62,20,5
CCNc1nc(Cl)nc(NC(C)C)n1,-3.85,32,11
NC(=S)Nc1ccccc1,-1.77,72,9
CCCC(=O)CCC,-1.3,78,2
CC(=O)C(C)(C)C,-0.72,87,2
Oc1ccc(Cl)cc1,-0.7,87,10
O=C1CCCCC1,-0.6,89,2
Cc1cccc(N)c1,-0.85,85,5
ClC(Cl)(Cl)C#N,-2.168,64,4
CNc2cnn(c1cccc(c1)C(F)(F)F)c(=O)c2Cl,-4.046,29,6
CCCCCCCCC(=O)C,-3.3,41,2
CCN(CC)c1nc(Cl)nc(NC(C)C)n1,-3.785,33,11
CCOC(=O)c1ccc(N)cc1,-2.616,54,5
Clc1ccc(Cl)c(Cl)c1,-3.59,36,10
Cc3nnc4CN=C(c1ccccc1Cl)c2cc(Cl)ccc2n34,-4.09,29,6
Oc1ccccc1O,0.62,97,10
CCN2c1ncccc1N(C)C(=O)c3cccnc23 ,-2.62,54,6
CSC,-0.45,90,11
Cc1ccccc1Br,-2.23,63,5
CCOC(=O)N,0.85,98,12
CC(=O)OC3(CCC4C2C=C(C)C1=CC(=O)CCC1(C)C2CCC34C)C(C)=O ,-5.35,12,0
CC(C)C(O)C(C)C,-1.22,80,7
c1ccc2ccccc2c1,-3.6,36,1
CCNc1ccccc1,-1.7,73,9
O=C1NC(=O)C(N1)(c2ccccc2)c3ccccc3,-4.097,29,6
Cc1c2ccccc2c(C)c3ccc4ccccc4c13,-7.02,4,1
CCOP(=S)(OCC)SC(CCl)N1C(=O)c2ccccc2C1=O,-6.34,7,6
COc1ccc(cc1)C(c2ccc(OC)cc2)C(Cl)(Cl)Cl,-6.89,5,5
Fc1cccc(F)c1C(=O)NC(=O)Nc2cc(Cl)c(F)c(Cl)c2F ,-7.28,4,6
O=C1N(COC(=O)CCCC)C(=O)C(N1)(c2ccccc2)c3ccccc3,-4.678,19,6
CN(C)C(=O)Nc1ccc(Cl)cc1,-2.89,49,9
OC(Cn1cncn1)(c2ccc(F)cc2)c3ccccc3F,-3.37,40,6
CC(=O)OCC(=O)C3(O)C(CC4C2CCC1=CC(=O)C=CC1(C)C2(F)C(O)CC34C)OC(C)=O ,-4.13,28,0
CCCCBr,-2.37,59,4
Brc1cc(Br)c(Br)cc1Br,-6.98,5,11
CC(C)CC(=O)C,-0.74,87,2
CCSC(=O)N(CC)C1CCCCC1 ,-3.4,39,11
COc1ccc(Cl)cc1,-2.78,51,10
CC1(C)C(C=C(Br)Br)C1C(=O)OC(C#N)c2cccc(Oc3ccccc3)c2,-8.402000000000001,1,6
CCC(C)C1(CC=C)C(=O)NC(=O)NC1=O,-2.016,67,8
COP(=S)(OC)Oc1ccc(N(=O)=O)c(C)c1,-4.04,29,9
Ic1cccc2ccccc12,-4.55,21,1
OCC(O)C(O)C(O)C(O)CO,1.09,99,12
CCS,-0.6,89,4
ClCC(Cl)Cl,-1.48,76,4
CN(C)C(=O)Oc1cc(C)nn1c2ccccc2,-2.09,65,6
NC(=O)c1ccccc1O,-1.82,71,5
Cc1ccccc1N(=O)=O,-2.33,61,9
O=C1NC(=O)NC(=O)C1(C(C)C)C(C)C,-2.766,51,8
CCc1ccccc1C,-3.21,43,5
CCCCCCCCl,-4.0,30,2
O=C1NC(=O)NC(=O)C1(CC)CC,-2.4,58,8
C(Cc1ccccc1)c2ccccc2,-4.62,20,5
ClC(Cl)C(Cl)Cl,-1.74,72,4
CCN2c1cc(OC)cc(C)c1NC(=O)c3cccnc23 ,-5.153,15,6
Cc1ccc2c(ccc3ccccc32)c1,-5.84,9,1
CCCCOC(=O)c1ccccc1C(=O)OCCCC ,-4.4,23,5
COc1c(O)c(Cl)c(Cl)c(Cl)c1Cl ,-4.02,30,10
CCN(CC)C(=O)C(=CCOP(=O)(OC)OC)Cl,0.523,97,11
CC34CCC1C(=CCc2cc(O)ccc12)C3CCC4=O,-5.282,13,6
CCOC(=O)c1ccccc1S(=O)(=O)NN(C=O)c2nc(Cl)cc(OC)n2,-4.5760000000000005,21,6
COc1ccc(cc1)N(=O)=O,-2.41,58,9
CCCCCCCl,-3.12,45,2
Clc1cc(c(Cl)c(Cl)c1Cl)c2cc(Cl)c(Cl)c(Cl)c2Cl,-9.16,0,3
OCC1OC(CO)(OC2OC(COC3OC(CO)C(O)C(O)C3O)C(O)C(O)C2O)C(O)C1O,-0.41,90,11
CCCCCCCCCCCCCCCCCCCCCCCCCC,-8.334,1,2
CCN2c1ccccc1N(C)C(=O)c3cccnc23 ,-3.324,41,6
CC(Cl)Cl,-1.29,79,4
Nc1ccc(cc1)S(N)(=O)=O,-1.34,78,11
CCCN(CCC)c1c(cc(cc1N(=O)=O)C(C)C)N(=O)=O,-6.49,6,6
ClC1C(Cl)C(Cl)C(Cl)C(Cl)C1Cl,-4.64,20,4
CCOP(=S)(NC(C)C)Oc1ccccc1C(=O)OC(C)C,-4.194,26,6
Clc1cccc(Cl)c1Cl,-4.0,30,10
ClC(Cl)(Cl)Cl,-2.31,61,11
O=N(=O)c1cc(Cl)c(Cl)cc1,-3.2,43,9
OC1CCCCCCC1,-1.29,79,7
CC1(O)CCC2C3CCC4=CC(=O)CCC4(C)C3CCC21C,-3.999,30,0
CCOc1ccc(NC(N)=O)cc1,-2.17,64,9
C/C1CCC(\C)CC1,-4.47,22,2
c1cnc2c(c1)ccc3ncccc23,-2.68,52,1
COC(C)(C)C,-0.24,92,12
COc1ccc(C=CC)cc1,-3.13,45,5
CCCCCCCCCCCCCCCCO,-7.0,5,7
O=c1cc[nH]c(=O)[nH]1 ,-1.4880000000000002,76,11
Nc1ncnc2nc[nH]c12 ,-2.12,65,11
Clc1cc(Cl)c(cc1Cl)c2cccc(Cl)c2Cl ,-7.21,4,3
COc1ccc(cc1)C(O)(C2CC2)c3cncnc3 ,-2.596,54,6
c1ccc2c(c1)c3cccc4c3c2cc5ccccc54,-8.23,1,11
O=C(Nc1ccccc1)Nc2ccccc2,-3.15,44,9
CCC1(C(=O)NC(=O)NC1=O)c2ccccc2 ,-2.322,61,6
Clc1ccc(cc1)c2cccc(Cl)c2Cl ,-6.29,7,3
CC(C)c1ccc(NC(=O)N(C)C)cc1,-3.536,38,9
CCN(CC)C(=O)CSc1ccc(Cl)nn1,-1.716,73,11
CCC(C)(C)CO,-1.04,83,7
CCCOC(=O)CCC,-1.75,72,12
Cc1c(cc(cc1N(=O)=O)N(=O)=O)N(=O)=O,-3.22,43,9
CC(C)OP(=S)(OC(C)C)SCCNS(=O)(=O)c1ccccc1,-4.2,26,6
C1CCCCCC1,-3.51,38,2
CCCOC=O,-0.49,89,12
CC(C)c1ccccc1C,-3.76,33,5
Nc1cccc(Cl)c1,-1.37,77,9
CC(C)CC(C)C,-4.26,25,2
o1c2ccccc2c3ccccc13,-4.6,20,1
CCOC2Oc1ccc(OS(C)(=O)=O)cc1C2(C)C,-3.42,39,6
CN(C)C(=O)Nc1cccc(c1)C(F)(F)F,-3.43,39,9
c3ccc2nc1ccccc1cc2c3,-3.67,35,1
CC12CC(=O)C3C(CCC4=CC(=O)CCC34C)C2CCC1(O)C(=O)CO,-3.11,45,0
OCC1OC(O)C(O)C(O)C1O,0.74,98,11
Cc1cccc(O)c1,-0.68,88,5
CC2Cc1ccccc1N2NC(=O)c3ccc(Cl)c(c3)S(N)(=O)=O ,-3.5860000000000003,37,6
CCC(C)C(=O)OC2CC(C)C=C3C=CC(C)C(CCC1CC(O)CC(=O)O1)C23 ,-6.005,9,0
O=N(=O)c1ccc(cc1)N(=O)=O,-3.39,40,9
CCC1(C(=O)NC(=O)NC1=O)C2=CCC3CCC2C3,-2.696,52,8
CCCCCCCCCC(=O)OCC,-4.1,28,12
CN(C)C(=O)Nc1ccccc1,-1.6,74,9
CCCOCC,-0.66,88,12
CC(C)O,0.43,96,12
Cc1ccc2ccccc2c1,-3.77,33,1
ClC(Br)Br,-1.9,70,11
CCC(C(CC)c1ccc(O)cc1)c2ccc(O)cc2,-4.43,23,5
CCOC(=O)CC(SP(=S)(OC)OC)C(=O)OCC,-3.37,40,11
ClCc1ccccc1,-2.39,58,5
C/C=C/C=O,0.32,95,4
CON(C)C(=O)Nc1ccc(Br)c(Cl)c1,-3.924,31,9
Cc1c2ccccc2c(C)c3ccccc13,-6.57,6,1
CCCCCC(=O)OC,-1.87,70,12
CN(C)C(=O)Nc1ccc(c(Cl)c1)n2nc(oc2=O)C(C)(C)C,-4.328,24,6
CC(=O)Nc1ccc(F)cc1,-1.78,72,9
CCc1cccc(CC)c1N(COC)C(=O)CCl ,-3.26,42,6
C1CCC=CC1,-2.59,54,2
CC12CC(O)C3C(CCC4=CC(=O)CCC34C)C2CCC1(O)C(=O)CO,-3.09,46,0
c1cncnc1,1.1,99,11
Clc1ccc(cc1)N(=O)=O,-2.92,49,9
CCC(=O)OC,-0.14,93,12
Clc1ccccc1N(=O)=O,-2.55,55,9
CCCCN(C)C(=O)Nc1ccc(Cl)c(Cl)c1,-4.77,18,9
CN1CC(O)N(C1=O)c2nnc(s2)C(C)(C)C,-1.877,70,6
O=N(=O)c1ccccc1,-1.8,71,9
Ic1ccccc1,-3.01,47,1
CC2Nc1cc(Cl)c(cc1C(=O)N2c3ccccc3C)S(N)(=O)=O ,-3.78,33,6
COc1ccccc1OCC(O)COC(N)=O,-0.985,83,6
CCCCOCN(C(=O)CCl)c1c(CC)cccc1CC ,-4.19,27,6
Oc1cccc(Cl)c1Cl,-1.3,78,10
CCCC(=O)OC,-1.92,69,12
CCC(=O)Nc1ccc(Cl)c(Cl)c1,-3.0,48,9
Nc3nc(N)c2nc(c1ccccc1)c(N)nc2n3,-2.404,58,6
CCCCCC(=O)OCC,-2.35,60,12
OCC(O)C2OC1OC(OC1C2O)C(Cl)(Cl)Cl ,-1.84,71,11
CN(C=Nc1ccc(C)cc1C)C=Nc2ccc(C)cc2C,-5.47,11,9
COc1nc(NC(C)C)nc(NC(C)C)n1,-2.478,57,11
CCCCCCC=C,-4.44,22,2
Cc1ccc(N)cc1,-1.21,80,5
Nc1nccs1 ,-0.36,91,11
c1ccccc1(OC(=O)NC),-1.803,71,10
CCCC(O)CC,-0.8,86,7
c3ccc2c(O)c1ccccc1cc2c3 ,-4.73,18,1
Cc1ccc2cc3ccccc3cc2c1,-6.96,5,1
Cc1cccc(C)c1C,-3.2,43,5
CNC(=O)Oc1ccc(N(C)C)c(C)c1,-2.36,59,6
CCCCCCCC(C)O,-2.74,51,7
CN(C(=O)NC(C)(C)c1ccccc1)c2ccccc2,-3.35,41,6
CCCC(=O)CC,-0.83,85,2
Oc1c(Br)cc(C#N)cc1Br ,-3.33,41,5
Clc1ccc(cc1Cl)c2ccccc2 ,-6.39,7,3
CN(C(=O)COc1nc2ccccc2s1)c3ccccc3,-4.873,17,6
Oc1cccc2ncccc12 ,-2.54,56,1
CC1=C(SCCO1)C(=O)Nc2ccccc2,-3.14,44,6
CCOc2ccc1nc(sc1c2)S(N)(=O)=O ,-3.81,32,6
Oc1c(Cl)c(Cl)c(Cl)c(Cl)c1Cl,-4.28,25,10
ClCBr,-0.89,84,11
CCC1(CC)C(=O)NC(=O)N(C)C1=O ,-2.23,63,8
CC(=O)OCC(=O)C3CCC4C2CCC1=CC(=O)CCC1(C)C2CCC34C ,-4.63,20,0
NC(=O)NCc1ccccc1 ,-0.95,84,5
CN(C)C(=O)Nc1ccc(C)c(Cl)c1,-3.483,38,9
CON(C)C(=O)Nc1ccc(Cl)c(Cl)c1,-3.592,36,9
OC1CCCCCC1,-0.88,85,7
CS(=O)(=O)c1ccc(cc1)C(O)C(CO)NC(=O)C(Cl)Cl ,-2.154,64,6
CCCC(C)C1(CC)C(=O)NC(=S)NC1=O ,-3.36,41,8
CC(=O)Nc1nnc(s1)S(N)(=O)=O ,-2.36,59,11
Oc1ccc(cc1)N(=O)=O,-0.74,87,9
ClC1=C(Cl)C2(Cl)C3C4CC(C=C4)C3C1(Cl)C2(Cl)Cl,-6.307,7,6
C1CCOC1,0.49,96,12
Nc1ccccc1N(=O)=O,-1.96,68,9
Clc1cccc(c1Cl)c2cccc(Cl)c2Cl,-7.28,4,3
CCCCC1C(=O)N(N(C1=O)c2ccccc2)c3ccccc3 ,-3.81,32,6
Cc1c(cccc1N(=O)=O)N(=O)=O,-3.0,48,9
CC(=O)C1CCC2C3CCC4=CC(=O)CCC4(C)C3CCC12C,-4.42,23,0
CCN(CC)c1nc(Cl)nc(n1)N(CC)CC,-4.4110000000000005,23,11
ClC(Cl)C(Cl)(Cl)SN2C(=O)C1CC=CCC1C2=O ,-5.4,12,6
c1(Br)c(Br)cc(Br)cc1,-4.5,22,11
OC3N=C(c1ccccc1)c2cc(Cl)ccc2NC3=O ,-3.952,31,6
O=C1NC(=O)NC(=O)C1(C(C)CCC)CC=C,-2.356,60,8
c1(O)c(C)ccc(C(C)C)c1,-2.08,66,5
C1SC(=S)NC1(=O),-1.77,72,11
Oc1ccc(c(O)c1)c3oc2cc(O)cc(O)c2c(=O)c3O ,-3.083,46,6
ClC1(C(=O)C2(Cl)C3(Cl)C14Cl)C5(Cl)C2(Cl)C3(Cl)C(Cl)(Cl)C45Cl,-5.259,13,6
CCN(CC)C(=S)SSC(=S)N(CC)CC,-4.86,17,11
C1CCCCC1,-3.1,45,2
ClC1=C(Cl)C(Cl)(C(=C1Cl)Cl)C2(Cl)C(=C(Cl)C(=C2Cl)Cl)Cl,-7.278,4,11
CN(C)C=Nc1ccc(Cl)cc1C,-2.86,49,9
CC34CCc1c(ccc2cc(O)ccc12)C3CCC4=O,-5.24,13,6
CCCCCCCCO,-2.39,58,7
CCSCC,-1.34,78,4
ClCCCl,-1.06,82,4
CCC(C)(C)Cl,-2.51,56,4
ClCCBr,-1.32,78,4
Nc1ccc(cc1)N(=O)=O,-2.37,59,9
OCC1OC(OC2C(O)C(O)C(O)OC2CO)C(O)C(O)C1O,-0.244,92,11
CCN2c1ncccc1N(CC)C(=O)c3cccnc23 ,-2.86,49,6
Clc1ccccc1,-2.38,59,10
CCCCCCCC=C,-5.05,15,2
Brc1ccc(I)cc1,-4.56,21,11
CCC(C)(O)CC,-0.36,91,7
CCCCCc1ccccc1,-4.64,20,5
NC(=O)NC1NC(=O)NC1=O ,-1.6,74,11
OCC(O)COC(=O)c1ccccc1Nc2ccnc3cc(Cl)ccc23,-4.571000000000001,21,6
ClC(Cl)C(c1ccc(Cl)cc1)c2ccc(Cl)cc2,-7.2,4,5
CC(=O)OC3CCC4C2CCC1=CC(=O)CCC1(C)C2CCC34C ,-5.184,14,0
Clc1cccc2ccccc12,-3.93,31,1
CCN2c1ccccc1N(C)C(=O)c3ccccc23 ,-4.749,18,6
CCCCC(C)O,-0.89,84,7
CCCC1CCCC1,-4.74,18,2
CCOC(=O)c1cncn1C(C)c2ccccc2,-4.735,18,6
Oc1ccc(Cl)c(Cl)c1,-1.25,80,10
CC1(C)C(C=C(Cl)Cl)C1C(=O)OC(C#N)c2cccc(Oc3ccccc3)c2,-8.017000000000001,2,6
c2ccc1ocnc1c2,-1.16,81,11
CCCCCO,-0.6,89,7
CCN(CC)c1ccccc1,-3.03,47,9
Fc1cccc(F)c1,-2.0,67,1
ClCCC#N ,-0.29,91,4
CC(C)(C)Cc1ccccc1,-4.15,27,5
O=C1NC(=O)NC(=O)C1(CC)c1ccccc1,-2.322,61,6
Clc1ccccc1I,-3.54,37,10
c2ccc1[nH]nnc1c2,-0.78,86,11
CNC(=O)Oc1cccc2CC(C)(C)Oc12,-2.8,50,6
Cc1cccc(C)c1O,-1.29,79,5
CC(C)C(C)O,-0.18,92,7
c1ccccc1C(O)c2ccccc2,-2.55,55,5
CCCCCCCCCC(=O)OC,-4.69,19,12
COP(=S)(OC)Oc1ccc(cc1Cl)N(=O)=O,-4.31,25,9
CC(C)CBr,-2.43,58,4
CCI,-1.6,74,4
CN(C)C(=O)Oc1nc(nc(C)c1C)N(C)C,-1.95,69,6
CCCCCCBr,-3.81,32,2
CCCC(C)C,-3.74,34,2
Cc1c(F)c(F)c(COC(=O)C2C(C=C(Cl)C(F)(F)F)C2(C)C)c(F)c1F,-7.321000000000001,3,6
CCc1cccc(C)c1N(C(C)COC)C(=O)CCl ,-2.73,51,6
ON=Cc1ccc(o1)N(=O)=O ,-2.19,63,11
CC(C)C(Nc1ccc(cc1Cl)C(F)(F)F)C(=O)OC(C#N)c2cccc(Oc3ccccc3)c2,-8.003,2,6
Nc1nc[nH]n1,0.522,97,11
BrC(Br)Br,-1.91,70,11
COP(=O)(OC)C(O)C(Cl)(Cl)Cl,-0.22,92,11
CCOP(=S)(OCC)SCn1c(=O)oc2cc(Cl)ccc12,-5.233,14,6
OCc1ccccc1,-0.4,91,5
O=c2c(C3CCCc4ccccc43)c(O)c1ccccc1o2 ,-2.84,50,6
Oc1ccc(Br)cc1,-1.09,82,10
CC(C)Br,-1.59,75,4
CC(C)CC(C)(C)C,-4.74,18,2
O=N(=O)c1cc(cc(c1)N(=O)=O)N(=O)=O,-2.89,49,9
CN2C(=O)CN=C(c1ccccc1)c3cc(ccc23)N(=O)=O,-3.796,33,6
CCC,-1.94,69,4
Nc1cc(nc(N)n1=O)N2CCCCC2 ,-1.989,68,6
Nc2cccc3nc1ccccc1cc23 ,-4.22,26,1
c1ccc2cc3c4cccc5cccc(c3cc2c1)c45,-8.49,1,11
OC(c1ccc(Cl)cc1)(c2ccc(Cl)cc2)C(Cl)(Cl)Cl,-5.666,10,6
C1Cc2cccc3cccc1c23,-4.63,20,5
CCOP(=S)(OCC)SC(CCl)N2C(=O)c1ccccc1C2=O,-6.34,7,6
Brc1ccc(Br)cc1,-4.07,29,1
Cn2c(=O)on(c1ccc(Cl)c(Cl)c1)c2=O,-2.82,50,6
Oc1ccc(cc1)c2ccccc2,-3.48,38,10
CC1=C(CCCO1)C(=O)Nc2ccccc2 ,-2.56,55,6
CCOC=C,-0.85,85,4
CCC#C,-1.24,80,4
COc1ncnc2nccnc12 ,-1.11,82,11
CCCCC(C)(O)CC,-1.6,74,7
Clc1ccc(Cl)cc1,-3.27,42,10
O=C1N(COC(=O)C)C(=O)C(N1)(c2ccccc2)c3ccccc3,-4.47,22,6
CSCS(=O)CC(CO)NC(=O)C=Cc1c(C)[nH]c(=O)[nH]c1=O,-1.981,68,6
Cc1c[nH]c2ccccc12 ,-2.42,58,1
COc2ncc1nccnc1n2,-1.11,82,11
CNC(=O)Oc1ccccc1C2OCCO2,-1.57,75,6
C1N(C(=O)NCC(C)C)C(=O)NC1,-2.15,64,11
CC#N,0.26,95,4
CCOC(=O)NCCOc2ccc(Oc1ccccc1)cc2,-4.7,19,6
CC(=O)N(S(=O)c1ccc(N)cc1)c2onc(C)c2C ,-3.59,36,6
ClCC(Cl)(Cl)Cl,-2.18,64,4
CCCCO,0.0,94,7
CC1CCCCC1NC(=O)Nc2ccccc2,-4.11,28,9
Clc1cc(Cl)cc(Cl)c1,-4.48,22,10
O=Cc1ccco1,-0.1,93,11
CC(C)CCO,-0.51,89,7
O=Cc2ccc1OCOc1c2 ,-1.63,74,5
CC(=C)C,-2.33,61,4
O=Cc1ccccc1,-1.19,81,5
CC(=C)C(=C)C,-2.4,58,4
CCOC(=O)CCN(SN(C)C(=O)Oc1cccc2CC(C)(C)Oc21)C(C)C,-4.71,19,6
O2c1ccccc1N(C)C(=O)c3cccnc23 ,-3.672,35,6
C1c2ccccc2c3ccccc13,-5.0,15,6
CC1CCCCC1,-3.85,32,2
NC(=N)NS(=O)(=O)c1ccc(N)cc1 ,-1.99,67,11
COC(=O)c1ccc(O)cc1,-1.827,71,5
CC1CCCO1,0.11,94,12
CC3C2CCC1(C)C=CC(=O)C(=C1C2OC3=O)C,-3.09,46,0
OCC2OC(Oc1ccccc1CO)C(O)C(O)C2O,-0.85,85,6
CCCI,-2.29,62,4
CCNc1nc(NC(C)C)nc(SC)n1,-3.04,47,11
CCCO,0.62,97,12
CC(=O)C1(O)CCC2C3CCC4=CC(=O)CCC4(C)C3CCC21C,-3.817,32,0
CCCC(C)O,-0.29,91,7
OC(C(=O)c1ccccc1)c2ccccc2,-2.85,50,5
Cc1ccc(O)c(C)c1,-1.19,81,5
Clc1cccc(c1)N(=O)=O,-2.77,51,9
Cc2c(N)c(=O)n(c1ccccc1)n2C,-0.624,88,6
Clc1ccc(c(Cl)c1)c2cc(Cl)ccc2Cl ,-6.57,6,3
ClC(=C(Cl)C(=C(Cl)Cl)Cl)Cl,-4.92,16,11
CCNc1nc(NC(C)(C)C)nc(SC)n1,-4.0,30,11
CCC(C)CCO,-0.71,87,7
Cc2ncc1nccnc1n2,-0.12,93,11
CC23Cc1cnoc1C=C2CCC4C3CCC5(C)C4CCC5(O)C#C,-5.507000000000001,11,6
CCCCI,-2.96,48,4
Brc1ccc2ccccc2c1,-4.4,23,1
CC1OC(CC(O)C1O)OC2C(O)CC(OC2C)OC8C(O)CC(OC7CCC3(C)C(CCC4C3CC(O)C5(C)C(CCC45O)C6=CC(=O)OC6)C7)OC8C ,-4.081,29,0
FC(F)(F)c1ccccc1,-2.51,56,5
CCCCCCOC(=O)c1ccccc1C(=O)OCCCCCC,-6.144,8,5
c1ccc2c(c1)sc3ccccc23,-4.38,24,1
Clc1ccc(c(Cl)c1)c2ccc(Cl)c(Cl)c2Cl ,-7.8,3,3
Clc1ccc(c(Cl)c1Cl)c2ccc(Cl)c(Cl)c2Cl ,-8.01,2,3
CC(=O)CC(c1ccccc1)c3c(O)c2ccccc2oc3=O ,-3.893,31,6
c1ccccc1C(O)C(O)c2ccccc2,-1.93,69,5
COC(=O)c1ccccc1C(=O)OC,-1.66,73,5
CCCCCCCC(=O)OCC,-3.39,40,12
CCSSCC,-2.42,58,4
CCOCCOCC,-0.77,86,4
Clc1cc(Cl)c(Cl)cc1Cl,-5.56,11,10
Nc1ccc(cc1)c2ccc(N)cc2,-2.7,52,9
CCCCCC=C,-3.73,34,2
CCCCc1c(C)nc(NCC)[nH]c1=O,-3.028,47,6
O=C1NC(=O)NC(=O)C1(CC)C(C)CCC,-2.39,58,8
Nc1ccccc1Cl,-1.52,75,9
COc1cccc(Cl)c1,-2.78,51,10
CCCCN(CC)C(=O)SCCC,-3.53,38,11
CCCCOC=O,-1.37,77,12
CC12CC(O)C3C(CCC4=CC(=O)C=CC34C)C2CCC1(O)C(=O)CO,-3.18,44,0
BrC(Cl)Cl,-1.54,75,11
CC34CC(=O)C1C(CCC2=CC(=O)CCC12C)C3CCC4(=O) ,-3.48,38,0
c1ccc(cc1)c2ccc(cc2)c3ccccc3,-7.11,4,1
Oc1ccc(C=O)cc1,-0.96,84,5
CBr,-0.79,86,11
Cc1cc(ccc1NS(=O)(=O)C(F)(F)F)S(=O)(=O)c2ccccc2,-3.8,33,6
CC(=O)CC(c1ccc(Cl)cc1)c2c(O)c3ccccc3oc2=O,-5.839,10,6
CCc1ccc2ccccc2c1,-4.29,25,5
Nc1c(C)c[nH]c(=O)n1 ,-1.4580000000000002,77,11
Clc2c(Cl)c(Cl)c(c1ccccc1)c(Cl)c2Cl ,-7.92,2,3
c1c(NC(=O)c2ccccc2(I))cccc1,-4.21,26,6
Cc3cc2nc1c(=O)[nH]c(=O)nc1n(CC(O)C(O)C(O)CO)c2cc3C,-3.685,34,6
Fc1ccccc1Br,-2.7,52,11
Oc1ccc(Cl)cc1Cl,-1.55,75,10
CC1(C)C(C=C(Cl)Cl)C1C(=O)OCc2cccc(Oc3ccccc3)c2,-6.291,7,6
CN2C(=C(O)c1ccccc1S2(=O)=O)C(=O)Nc3ccccn3 ,-4.16,27,6
O=C1N(COC(=O)CC)C(=O)C(N1)(c2ccccc2)c3ccccc3,-4.907,16,6
C1CCCC1,-2.64,53,2
Cc1ccccc1N,-2.21,63,5
c1(OC)ccc(CC=C)cc1,-2.92,49,5
CN(C)C(=O)Nc1cccc(OC(=O)NC(C)(C)C)c1 ,-2.93,48,6
CC(C)C=C,-2.73,51,4
Oc1ccccn1,1.02,98,11
CC,-1.36,78,4
Clc1ccccc1Cl,-3.05,46,10
Sc2nc1ccccc1s2 ,-3.18,44,11
Clc1c(Cl)c(Cl)c(c(Cl)c1Cl)c2c(Cl)c(Cl)c(Cl)c(Cl)c2Cl ,-11.6,0,3
COc2c1occc1cc3ccc(=O)oc23 ,-3.664,35,6
CC(=O)N,1.58,99,4
Cc1cccc2ccccc12,-3.7,34,1
CCN(CC)C(=O)C(C)Oc1cccc2ccccc12 ,-3.57,37,6
CC(O)C(C)(C)C,-0.62,88,7
CCCC(=O)OCC,-1.36,78,12
CC2=CC(=O)c1ccccc1C2=O ,-3.03,47,6
c1ccc2c(c1)ccc3ccccc32,-5.26,13,1
Cc1ccnc(C)c1,0.38,96,1
CCCCCCCCCO,-3.01,47,7
BrCBr,-1.17,81,11
CC1CC2C3CCC4=CC(=O)C=CC4(C)C3(F)C(O)CC2(C)C1(O)C(=O)CO,-3.59,36,0
Cc1ccc2cc(C)ccc2c1,-4.89,16,1
CCSC(=O)N(CC(C)C)CC(C)C,-3.68,34,11
O=N(=O)OCC(CON(=O)=O)ON(=O)=O ,-2.22,63,11
Nc1cccc(c1)N(=O)=O,-2.19,63,9
CCCCCl,-2.03,66,4
ClC(Cl)(Cl)C(NC=O)N1C=CN(C=C1)C(NC=O)C(Cl)(Cl)Cl ,-4.19,27,11
Cn2cc(c1ccccc1)c(=O)c(c2)c3cccc(c3)C(F)(F)F,-4.445,22,6
Nc3cc2c1ccccc1ccc2c4ccccc34 ,-6.2,8,1
CC12CCC3C(CCc4cc(O)ccc34)C2CCC1=O,-3.955,30,6
CCN2c1ccccc1N(C)C(=S)c3cccnc23 ,-4.706,19,6
CC1CO1,-0.59,89,12
O=C3CN=C(c1ccccc1)c2cc(ccc2N3)N(=O)=O,-3.796,33,6
CCNC(=S)NCC,-1.46,76,11
Oc1cc(Cl)cc(Cl)c1Cl,-2.67,53,10
CCCCC(=O)OC,-1.34,78,12
Nc1ccccc1,-0.41,90,9
Cc1cccc2c(C)cccc12,-4.678999999999999,19,1
NS(=O)(=O)c2cc1c(NCNS1(=O)=O)cc2Cl ,-2.63,54,6
C1=Cc2cccc3cccc1c23,-3.96,30,1
CCCCCOC(=O)CC,-1.28,79,12
CCNc1nc(NC(C)C)nc(OC)n1,-2.084,66,11
c1ccc2c(c1)cc3ccc4cccc5ccc2c3c45,-8.699,0,1
CCBr,-1.09,82,4
CCC#CCC,-1.99,67,4
CC1OC(CC(O)C1O)OC2C(O)CC(OC2C)OC8C(O)CC(OC7CCC3(C)C(CCC4C3CCC5(C)C(CCC45O)C6=CC(=O)OC6)C7)OC8C ,-5.292999999999999,12,0
CCC(=C)C,-2.73,51,4
Oc1cccc2cccnc12 ,-2.42,58,1
C1CCc2ccccc2C1,-4.37,24,5
Oc1ccc(cc1)C2(OC(=O)c3ccccc23)c4ccc(O)cc4 ,-2.9,49,6
Brc1cc(Br)cc(Br)c1,-5.6,11,1
COP(=S)(OC)Oc1cc(Cl)c(Cl)cc1Cl,-5.72,10,10
Cc1cc(=O)[nH]c(=S)[nH]1,-2.436,58,11
COc1cc(CC=C)ccc1O,-1.56,75,5
O=C1NC(=O)NC(=O)C1(C(C)C)CC=C,-1.7080000000000002,73,8
c1cc2ccc3cccc4ccc(c1)c2c34,-6.176,8,1
CCOC(C)OCC,-0.43,90,4
CC1(C)CON(Cc2ccccc2Cl)C1=O,-2.338,60,6
CCCCOCCO,-0.42,90,12
Clc1c(Cl)c(Cl)c(N(=O)=O)c(Cl)c1Cl,-5.82,10,9
CC12CCC(O)CC1CCC3C2CCC4(C)C3CCC4=O,-4.402,23,0
FC(F)(F)c1cccc(c1)N2CC(CCl)C(Cl)C2=O,-4.047,29,6
c1ccc2ncccc2c1,-1.3,78,1
COC(=O)c1cc(O)c(O)c(O)c1 ,-1.24,80,5
OC(Cn1cncn1)(Cn2cncn2)c3ccc(F)cc3F ,-1.8,71,6
Clc2ccc1oc(=O)[nH]c1c2,-2.8310000000000004,50,11
Clc1ccc(c(Cl)c1)c2c(Cl)c(Cl)c(Cl)c(Cl)c2Cl,-7.92,2,3
O=C1NC(=O)C(=O)C(=O)N1 ,-1.25,80,11
ClCCCCl,-1.62,74,4
Fc1cccc(Br)c1,-2.67,53,11
Clc1ccc(Br)cc1,-3.63,36,10
CC(C)C(C)C,-3.65,35,2
CCC=C,-1.94,69,4
Clc1ccc(Cl)c(c1)c2cc(Cl)c(Cl)c(Cl)c2Cl,-7.68,3,3
Nc1cc[nH]c(=O)n1 ,-1.155,81,11
FC(F)(Cl)C(F)(Cl)Cl,-3.04,47,11
CCC#N,0.28,95,4
ClC(Cl)C(c1ccc(Cl)cc1)c2ccccc2Cl ,-6.51,6,6
COc1ccccc1N(=O)=O,-1.96,68,9
CC34CCC1C(CC=C2CC(O)CCC12C)C3CCC4=O,-4.12,28,0
CC12CC2(C)C(=O)N(C1=O)c3cc(Cl)cc(Cl)c3,-4.8,17,6
c1cc2ccc3ccc4ccc5cccc6c(c1)c2c3c4c56,-9.018,0,1
CCC(C)c1cc(cc(N(=O)=O)c1O)N(=O)=O ,-3.38,40,6
c1c(OC)c(OC)C2C(=O)OCC2c1,-1.899,70,6
OCC(O)CO,1.12,99,12
COc1ccccc1O ,-1.96,68,10
CCOP(=S)(OCC)Oc1nc(Cl)c(Cl)cc1Cl ,-5.67,10,6
Cc1c2ccccc2cc3ccccc13,-5.89,9,1
Cc1cc(=O)n(c2ccccc2)n1C,0.715,98,6
CCCCOC,-0.99,83,12
Cc2cnc1cncnc1n2,-0.8540000000000001,85,11
CCNc1nc(Cl)nc(NCC)n1 ,-4.55,21,11
CN(C)C(=O)C,1.11,99,11
CSc1nc(nc(n1)N(C)C)N(C)C,-2.676,53,11
C=C,-0.4,91,11
CC(C)(C)CCO,-0.5,89,7
O=C1NC(=O)NC(=O)C1(CC)CC=C,-1.614,74,8
Oc1ccc(Cl)c(Cl)c1Cl,-2.67,53,10
COc1ccccc1,-1.85,70,10
c1ccc(Cl)cc1C(c2ccc(Cl)cc2)(O)C(=O)OC(C)C,-4.53,22,6
CC13CCC(=O)C=C1CCC4C2CCC(C(=O)CO)C2(CC(O)C34)C=O ,-3.85,32,0
COc2ccc(Oc1ccc(NC(=O)N(C)C)cc1)cc2,-4.16,27,9
CCc1ccc(C)cc1,-3.11,45,5
CC(C)SC(C)C,-2.24,62,4
O=N(=O)c1cccc(c1)N(=O)=O,-2.29,62,9
CCOP(=S)(OCC)SCSP(=S)(OCC)OCC,-5.54,11,11
CCC1(C(C)C)C(=O)NC(=O)NC1=O ,-2.21,63,8
CC(=O)OCC(=O)C3(O)CCC4C2CCC1=CC(=O)CCC1(C)C2C(=O)CC34C ,-4.21,26,0
Cc1ncc(N(=O)=O)n1CCO,-1.22,80,11
Nc1ccc(Cl)cc1,-1.66,73,9
CCCC(C)(C)CO,-1.52,75,7
c1ccoc1,-0.82,85,11
COCCCNc1nc(NC(C)C)nc(SC)n1,-2.928,49,11
CN(C)C(=O)NC1CC2CC1C3CCCC23,-3.1710000000000003,44,11
CC(C)(C)c1ccccc1,-3.66,35,5
CC(=O)CCC1C(=O)N(N(C1=O)c2ccccc2)c3ccccc3,-3.27,42,6
CC(=O)OCC(=O)C3(O)CCC4C2CCC1=CC(=O)C=CC1(C)C2C(O)CC34C ,-4.37,24,0
CCCOC,-0.39,91,12
CC(C)OC(=O)C,-0.55,89,12
Brc1ccccc1,-2.55,55,1
CCOC(=O)c1ccc(O)cc1,-2.35,60,5
O=C1N(COC(=O)CCC)C(=O)C(N1)(c2ccccc2)c3ccccc3,-5.071000000000001,15,6
CCC(=O)OC3CCC4C2CCC1=CC(=O)CCC1(C)C2CCC34C ,-5.37,12,0
c1cc2ccc3ccc4ccc5ccc6ccc1c7c2c3c4c5c67,-9.332,0,1
O=c1[nH]cnc2[nH]ncc12 ,-2.266,62,11
ClC=C,-1.75,72,11
CN(C)C(=O)C(c1ccccc1)c2ccccc2 ,-2.98,48,5
BrC(Br)(Br)Br,-3.14,44,11
CCN2c1cc(N(C)C)cc(C)c1NC(=O)c3cccnc23 ,-4.871,17,6
O=C1NC(=O)c2ccccc12 ,-2.61,54,6
OC(c1ccc(Cl)cc1)(c2cncnc2)c3ccccc3Cl,-4.38,24,6
COC(=O)c1ccccc1,-1.85,70,5
Cn1ccc(=O)[nH]c1=O,-0.807,86,11
CCCCC1C(=O)N(N(C1=O)c2ccc(O)cc2)c3ccccc3 ,-3.73,34,6
Clc1ccc(Cl)c(c1)c2cccc(Cl)c2Cl ,-6.47,7,3
CCC2NC(=O)c1cc(c(Cl)cc1N2)S(N)(=O)=O,-3.29,42,6
CN(C)C(=O)Nc1ccc(Cl)c(Cl)c1,-3.8,33,9
C1CC=CC1,-2.1,65,2
C1(=O)NC(=O)NC(=O)C1(O)C2(O)C(=O)NC(=O)NC2(=O),-1.99,67,6
CCCCCCCCC,-5.88,9,2
Oc1ccccc1Cl,-1.06,82,10
c1cccc2c3c(C)cc4ccccc4c3ccc12,-6.59,6,1
CCOc1ccccc1,-2.33,61,10
CCOC(=O)C=Cc1ccccc1,-3.0,48,5
Cc1[nH]c(=O)n(c(=O)c1Cl)C(C)(C)C,-2.484,57,6
Clc1ccccc1C2=NCC(=O)Nc3ccc(cc23)N(=O)=O,-3.499,38,6
Cc1ccc(cc1)S(=O)(=O)N,-1.74,72,5
CC(OC(=O)Nc1cccc(Cl)c1)C#C,-2.617,54,9
CCCCCC(C)C,-5.08,15,2
CC1(C)C(C=C(Cl)C(F)(F)F)C1C(=O)OC(C#N)c2cccc(Oc3ccccc3)c2,-8.176,1,6
CCCC1C(=O)N3N(C1=O)c2cc(C)ccc2N=C3N(C)C ,-3.5380000000000003,37,6
CN2C(=O)CN=C(c1ccccc1)c3cc(Cl)ccc23,-3.754,34,6
CCC(O)C(C)C,-0.7,87,7
CCOP(=S)(OCC)Oc1ccc(cc1)S(C)=O ,-2.3,61,11
CC1(C)C2CCC1(C)C(O)C2,-2.32,61,0
CC12CCC3C(CCC4=CC(=O)CCC34C)C2CCC1O,-4.02,30,0
CCCCCCC,-4.53,22,2
Oc1cccc2ccccc12,-2.22,63,1
C/C1CCCCC1\C,-4.3,25,2
COc2cc1c(N)nc(nc1c(OC)c2OC)N3CCN(CC3)C(=O)OCC(C)(C)O ,-3.638,35,6
C1Cc2c3c1cccc3cc4c2ccc5ccccc54,-7.85,2,1
CC(=O)C3(C)CCC4C2C=C(C)C1=CC(=O)CCC1(C)C2CCC34C,-5.27,13,0
CCCCCC(=O)C,-1.45,77,2
COP(=O)(NC(C)=O)SC ,0.54,97,11
CCCCSP(=O)(SCCCC)SCCCC,-5.14,15,11
c1cC2C(=O)NC(=O)C2cc1,-2.932,48,11
NS(=O)(=O)c2cc1c(NC(NS1(=O)=O)C(Cl)Cl)cc2Cl ,-2.68,52,6
CC=C(C)C,-2.56,55,4
Cc1ccc(C)c(C)c1,-3.31,41,5
Oc1cc(Cl)c(Cl)cc1Cl,-2.21,63,10
c1ccc2c(c1)cnc3ccccc23 ,-2.78,51,1
CCCC(C)(O)CC,-0.98,84,7
CCCCCCCC,-5.24,13,2
c1ccc2cc3ccccc3cc2c1,-6.35,7,1
NNc1ccccc1,0.07,94,9
CCC=O,0.58,97,4
C1CCCCCCC1,-4.15,27,2
O=C1NC(=O)NC(=O)C1(CC=C)CC=C,-2.077,66,8
ClC(Cl)Cl,-1.17,81,11
Sc1nccc(=O)[nH]1 ,-2.273,62,11
Clc1ccc(CN(C2CCCC2)C(=O)Nc3ccccc3)cc1,-5.915,9,6
CC1=CCCCC1,-3.27,42,4
CCCCC(CC)C=O,-2.13,65,2
COc2c1occc1c(OC)c3c(=O)cc(C)oc23 ,-3.0210000000000004,47,6
O=C1NC(=O)NC(=O)C1(CC)CCC(C)C,-2.658,53,8
c1ccc2c3c(ccc2c1)c4cccc5cccc3c45,-8.0,2,11
CCC(CC)C=O,-1.52,75,2
CCCOCCC,-1.62,74,12
CCCCCCCCCCCCCCO,-5.84,9,7
Oc1c(Cl)ccc(Cl)c1Cl,-2.64,53,10
NC(=O)N,0.96,98,11
CCCC#C,-1.64,73,4
Brc1cccc(Br)c1,-3.54,37,1
CCCCCCCCCCCCCCCCCCO,-8.4,1,7
CC(=O)Nc1ccccc1,-1.33,78,9
c1cc(O)c(O)c2OCC3(O)CC4=CC(=O)C(O)=CC4=C3c21,-2.7,52,6
c1nccc(C(=O)NN)c1,0.009,94,11
OC1C=CC2C1C3(Cl)C(=C(Cl)C2(Cl)C3(Cl)Cl)Cl ,-5.46,12,6
CC(C)CCOC=O,-1.52,75,12
CC(=O)c1ccccc1,-1.28,79,5
c2ccc1nc(ccc1c2)c4ccc3ccccc3n4 ,-5.4,12,11
CCOP(=O)(OCC)OCC,0.43,96,11
CC2(C)C1CCC(C)(C1)C2=O,-1.85,70,0
COc2cnc1cncnc1n2,-0.91,84,11
ClC2=C(Cl)C3(Cl)C1C=CCC1C2(Cl)C3(Cl)Cl ,-5.64,11,6
CC(C)N(=O)=O,-0.62,88,4
c1ccc2c(c1)[nH]c3ccccc32,-5.27,13,1
OCC(O)C(O)CO,0.7,98,12
CCCOC(=O)c1ccc(N)cc1,-2.452,57,5
CNC(=O)C=C(C)OP(=O)(OC)OC,0.6509999999999999,98,11
O=C1CCC(=O)N1,0.3,95,11
CCC(C)C(C)C,-4.28,25,2
CCCCc1c(C)nc(NCC)nc1OS(=O)(=O)N(C)C ,-4.16,27,6
CCN2c1ncccc1N(C)C(=S)c3cccnc23 ,-4.634,20,6
O2c1ccccc1N(CC)C(=O)c3ccccc23 ,-3.68,34,6
C1CCOCC1,-0.03,93,12
CCCCCC#C,-3.01,47,2
c1cc2ccc(OC)c(CC=C(C)(C))c2oc1=O ,-4.314,25,6
c1cc(C)cc2c1c3cc4cccc5CCc(c45)c3cc2,-7.92,2,1
CCOC(=O)c1ccccc1,-2.32,61,5
ClCC(C)C,-2.0,67,4
CC34CCC1C(CCc2cc(O)ccc12)C3CCC4(O)C#C ,-4.3,25,6
CCCCCCCCCCCC(=O)OC,-4.69,19,12
CCCSCCC,-2.58,55,4
c1ccc2cc3cc4ccccc4cc3cc2c1,-8.6,0,1
CCCCCBr,-3.08,46,2
CCCC/C=C/C,-3.82,32,4
Cc1ncc(N(=O)=O)n1CCO ,-1.26,80,11
CCCCCC1CCCC1,-6.08,8,2
Clc1ccc(Cl)c(c1)c2c(Cl)c(Cl)cc(Cl)c2Cl ,-7.42,3,3
O=C1NC(=O)NC(=O)C1(CC)C(C)C,-2.148,64,8
CC(Cl)(Cl)Cl,-2.0,67,4
CON(C)C(=O)Nc1ccc(Cl)cc1,-2.57,55,9
O=C2NC(=O)C1(CCCCC1)C(=O)N2,-3.06,46,8
CN(C)C(=O)OC1=CC(=O)CC(C)(C)C1 ,-0.85,85,11
Cc1ccc(Br)cc1,-3.19,43,5
CCOCC,-0.09,93,12
CC(C)NC(=O)N1CC(=O)N(C1=O)c2cc(Cl)cc(Cl)c2,-4.376,24,6
CCCCN(CC)c1c(cc(cc1N(=O)=O)C(F)(F)F)N(=O)=O,-5.53,11,6
Cc1cc(C)c(O)c(C)c1,-2.05,66,5
c1ccccc1,-1.64,73,1
Clc1ccc(I)cc1,-4.03,29,10
COc1ccc(NC(=O)N(C)C)cc1Cl,-2.564,55,9
CC(C)N(C(=O)CCl)c1ccccc1 ,-2.48,57,9
C=Cc1ccccc1,-2.82,50,5
COCOC,0.48,96,11
Cc1ccccc1C,-2.8,50,5
CCC(C)O,0.47,96,7
Oc1ccc(O)cc1,-0.17,92,10
CC34CCC1C(CCc2cc(O)ccc12)C3CC(O)C4O ,-4.955,16,6
C1c2ccccc2c3cc4ccccc4cc13,-8.04,1,6
O=C1CNC(=O)N1 ,-0.4,91,11
c1(O)cc(O)ccc1CCCCCC,-2.59,54,5
C=CCS(=O)SCC=C,-0.83,85,11
CCOP(=S)(OCC)Oc2ccc1oc(=O)c(Cl)c(C)c1c2,-5.382000000000001,12,6
Cc1c(C)c2c3ccccc3ccc2c4ccccc14,-7.01,4,1
CCCCC(=O)OC3(C(C)CC4C2CCC1=CC(=O)C=CC1(C)C2(F)C(O)CC34C)C(=O)CO,-4.71,19,0
O=c2[nH]c(=O)c1[nH]c(=O)[nH]c1[nH]2 ,-3.93,31,11
Oc1c(Cl)cc(Cl)c(Cl)c1Cl,-3.1,45,10
Clc1cccc(Cl)c1,-3.04,47,10
Clc1ccc(cc1)C(c2ccc(Cl)cc2)C(Cl)(Cl)Cl,-7.15,4,5
CC(C)COC=O,-1.01,83,12
c1ccccc1SC,-2.39,58,11
CCN2c1nc(C)cc(C(F)(F)F)c1NC(=O)c3cccnc23 ,-4.207,26,6
CCCCCC,-3.84,32,2
COC(=O)c1cccnc1 ,-0.46,90,11
NS(=O)(=O)c3cc2c(NC(Cc1ccccc1)NS2(=O)=O)cc3C(F)(F)F,-3.59,36,6
Clc1ccc(cc1Cl)c2cc(Cl)c(Cl)c(Cl)c2Cl ,-7.82,2,3
CC1(OC(=O)N(C1=O)c2cc(Cl)cc(Cl)c2)C=C,-4.925,16,6
CCNc1nc(Cl)nc(NC(C)(C)C#N)n1,-3.15,44,11
c1ccc2c(c1)c3ccccc3c4ccccc24,-6.726,5,1
CC=C(C(=CC)c1ccc(O)cc1)c2ccc(O)cc2,-4.95,16,5
CCCCC(CC)COC(=O)c1ccccc1C(=O)OCC(CC)CCCC,-6.96,5,6
CCc1ccccn1,0.51,96,11
COP(=O)(OC)OC(Br)C(Cl)(Cl)Br,-2.28,62,11
c1ccc(cc1)c2ccccc2,-4.345,24,1
Clc1cc(Cl)c(c(Cl)c1)c2c(Cl)cc(Cl)cc2Cl ,-8.71,0,3
CN(C)c1nc(nc(n1)N(C)C)N(C)C,-3.364,41,11
CC(C)CC(C)(C)O,-0.92,84,7
O=C2NC(=O)C1(CCCCCC1)C(=O)N2 ,-3.168,44,8
OCC1OC(O)(CO)C(O)C1O,0.64,97,11
Cc1cc(C)cc(O)c1,-1.4,77,5
ClCC#CCOC(=O)Nc1cccc(Cl)c1,-4.37,24,9
CC(=O)Nc1ccc(Cl)cc1,-2.843,50,9
Clc1ccc(Cl)c(c1)c2c(Cl)c(Cl)c(Cl)c(Cl)c2Cl,-8.94,0,3
CCC(C)(C)C,-3.55,37,2
CNc1ccccc1,-1.28,79,9
C=CCC=C,-2.09,65,4
CC(=O)OCC(=O)C1(O)CCC2C3CCC4=CC(=O)CCC4(C)C3C(O)CC21C,-4.88,16,0
Cc1cc(cc(N(=O)=O)c1O)N(=O)=O,-1.456,77,9
OC3N=C(c1ccccc1Cl)c2cc(Cl)ccc2NC3=O,-3.604,36,6
Oc1cccc(Cl)c1,-0.7,87,10
Clc1cccc(Br)c1,-3.21,43,10
NS(=O)(=O)c2cc1c(N=CNS1(=O)=O)cc2Cl ,-3.05,46,6
O=C1NC(=O)NC(=O)C1(C)CC,-1.228,80,8
OCCOc1ccccc1,-0.7,87,10
C(c1ccccc1)c2ccccc2,-4.08,29,5
CCCCCC(O)CC,-1.98,68,7
CCN(Cc1c(F)cccc1Cl)c2c(cc(cc2N(=O)=O)C(F)(F)F)N(=O)=O,-6.78,5,6
CC(C)Nc1nc(Cl)nc(NC(C)C)n1,-4.43,23,11
CCCC(C)CO,-1.11,82,7
CCCCC(C)(C)O,-1.08,82,7
CCc1ccccc1,-2.77,51,5
O=C1NC(=O)NC(=O)C1(CC)CC=C(C)C,-2.253,62,8
ClC1C=CC2C1C3(Cl)C(=C(Cl)C2(Cl)C3(Cl)Cl)Cl,-6.317,7,6
CCC(C)C1(CC(Br)=C)C(=O)NC(=O)NC1=O ,-2.647,53,8
CC1(C)C(C(=O)OC(C#N)c2cccc(Oc3ccccc3)c2)C1(C)C,-6.025,8,6
COC(C)(C)CCCC(C)CC=CC(C)=CC(=O)OC(C)C,-5.19,14,11
CCOC(=O)CC,-0.66,88,12
CSc1nc(NC(C)C)nc(NC(C)C)n1,-4.1,28,11
CC(C#C)N(C)C(=O)Nc1ccc(Cl)cc1,-3.9,31,9
Cc1cc2ccccc2cc1C,-4.72,18,1
Clc1ccc(cc1)c2cc(Cl)ccc2Cl ,-6.25,8,3
Clc1ccc(c(Cl)c1)c2cc(Cl)c(Cl)c(Cl)c2Cl ,-7.39,3,3
NC(N)=NC#N ,-0.31,91,11
ClC(Cl)(Cl)N(=O)=O,-2.0,67,11
Clc1cccc(Cl)c1c2ccccc2 ,-5.21,14,3
COc1ccc(C=O)cc1,-1.49,76,5
CC(=O)Nc1ccc(cc1)N(=O)=O,-2.692,52,9
CCCCCCC(=O)OCC,-2.74,51,12
CC(=O)Nc1ccc(O)cc1,-1.03,83,9
c2ccc1[nH]ncc1c2 ,-2.16,64,1
CC5(C)OC4CC3C2CCC1=CC(=O)C=CC1(C)C2(F)C(O)CC3(C)C4(O5)C(=O)CO ,-4.31,25,0
Nc2nc1[nH]cnc1c(=O)[nH]2 ,-3.583,37,11
COC(=O)C,0.46,96,12
CC34CCC1C(CCC2CC(=O)CCC12C)C3CCC4O ,-4.743,18,0
CCCC(O)C=C,-0.59,89,7
OC(C1=CC2C5C(C1C2=C(c3ccccc3)c4ccccn4)C(=O)NC5=O)(c6ccccc6)c7ccccn7 ,-3.931,31,6
CCCCOCCCC,-1.85,70,12
CCCCCCCCCCCCO,-4.8,17,7
CCN2c1nc(N(C)(CCO))ccc1NC(=O)c3cccnc23 ,-3.36,41,6
CCCC(C)(C)O,-0.49,89,7
Nc1nc(=O)[nH]cc1F,-0.972,84,11
CCCCOc1ccc(C(=O)OCC)c(c1)N(CC)CC ,-3.84,32,6
CCCCCC(C)(C)O,-1.72,73,7
Cc1c(C)c(C)c(C)c(C)c1C,-5.23,14,5
CC(C)c1ccc(C)cc1O,-2.22,63,5
c2cnc1ncncc1n2,0.02,94,11
CCOP(=S)(OCC)Oc1ccc(cc1)N(=O)=O,-4.66,19,9
C,-0.9,84,11
c2ccc1NCCc1c2 ,-1.04,83,9
O=N(=O)c1cccc2ccccc12,-3.54,37,9
CCC(C)C(=O)C,-0.67,88,2
Nc1nc(O)nc2nc[nH]c12 ,-3.401,39,11
OC(CC(c1ccccc1)c3c(O)c2ccccc2oc3=O)c4ccc(cc4)c5ccc(Br)cc5 ,-4.445,22,6
CN(=O)=O,0.26,95,11
CC(C)N(C(C)C)C(=O)SCC(Cl)=C(Cl)Cl,-4.88,16,11
C=CCCC=C,-2.68,52,4
c2ccc1[nH]ccc1c2,-1.52,75,1
CC34CCC1C(CCC2=CC(=O)CCC12C)C3CCC4=O,-3.69,34,0
CCCCC=C,-3.23,43,2
Cc1cccc(C)c1NC(=O)c2cc(c(Cl)cc2O)S(N)(=O)=O,-3.79,33,6
CCC1CCCCC1,-4.25,26,2
CCCCCCCC(=O)C,-2.58,55,2
COC(=O)Nc2nc1ccc(cc1[nH]2)C(=O)c3ccccc3,-3.88,32,6
CC(C)OC(=O)Nc1cccc(Cl)c1,-3.38,40,9
CCN2c1nc(Cl)ccc1N(C)C(=O)c3cccnc23 ,-4.114,28,6
CNC(=O)Oc1cccc2ccccc12,-3.224,43,1
C#C,0.29,95,11
Cc1cncc(C)c1,0.38,96,1
C1C=CCC=C1,-2.06,66,4
CCOC(=O)N(C)C(=O)CSP(=S)(OCC)OCC,-2.518,56,11
CC(O)c1ccccc1,-0.92,84,5
CC(Cl)CCl,-1.6,74,4
CCCC=C(CC)C=O,-2.46,57,4
CCOP(=S)(OCC)SCCSCC,-4.23,26,11
CC(=O)OC3(C)CCC4C2CCC1=CC(=O)CCC1(C)C2CCC34C ,-5.284,13,0
Clc1ccc(cc1)c2c(Cl)cccc2Cl ,-6.14,8,3
Fc1cccc(F)c1C(=O)NC(=O)Nc2ccc(Cl)cc2,-6.02,8,6
Oc1cc(Cl)ccc1Oc2ccc(Cl)cc2Cl,-4.46,22,10
c1(C(=O)OCCCCCC(C)(C))c(C(=O)OCCCCCC(C)(C))cccc1,-6.6370000000000005,6,5
CC12CC(O)C3C(CCC4=CC(=O)CCC34C)C2CCC1C(=O)CO,-3.24,42,0
Cc1cc(C)cc(C)c1,-3.4,39,5
CCCCCCCCOC(=O)c1ccccc1C(=O)OCCCCCCCC ,-5.115,15,5
CCCCCCCCCCCCCCCO,-6.35,7,7
Clc1cccc(Cl)c1c2c(Cl)cccc2Cl ,-7.39,3,3
O=C1NC(=O)NC(=O)C1(C)C,-1.742,72,8
CC(C)I,-2.09,65,4
O=N(=O)c1ccccc1N(=O)=O,-3.1,45,9
CC(C)C(=O)C,-0.12,93,2
CCCCCCCCCCCCCCCC,-8.4,1,2
CC12CCC(CC1)C(C)(C)O2,-1.74,72,0
Cc2cccc3sc1nncn1c23 ,-2.07,66,6
CCCCCCC(=O)C,-2.05,66,2
CCCCCCCCC(=O)OC,-3.38,40,12
Fc1ccc(F)cc1,-1.97,68,1
O=C1N(C2CCC(=O)NC2=O)C(=O)c3ccccc13,-2.676,53,6
CCCN(CCC)c1c(cc(cc1N(=O)=O)C(F)(F)F)N(=O)=O,-5.68,10,6
CCO,1.1,99,4
O=C2NC(=O)C1(CCCC1)C(=O)N2,-2.349,60,8
c1c(NC(=O)OC(C)C(=O)NCC)cccc1,-1.83,71,9
CC(C)=CC3C(C(=O)OCc2cccc(Oc1ccccc1)c2)C3(C)C ,-5.24,13,6
CN(C)C(=O)NC1CCCCCCC1,-2.218,63,11
ClC1(C2(Cl)C3(Cl)C4(Cl)C5(Cl)C1(Cl)C3(Cl)Cl)C5(Cl)C(Cl)(Cl)C24Cl,-6.8,5,11
CCCCCCCCBr,-5.06,15,2
CCCCNC(=O)n1c(NC(=O)OC)nc2ccccc12,-4.883,16,6
CN(C)c2c(C)n(C)n(c1ccccc1)c2=O ,-0.364,91,6
CCC(O)CC,-0.24,92,7
Cc1ccc(cc1)N(=O)=O,-2.49,57,9
CC(C)CCCO,-1.14,81,7
CC34CCC1C(CCC2=CC(=O)CCC12O)C3CCC4(O)C#C,-4.57,21,0
CC(C)OC(=O)C(O)(c1ccc(Br)cc1)c2ccc(Br)cc2 ,-4.93,16,6
Nc2cnn(c1ccccc1)c(=O)c2Cl,-2.878,49,6
CCC(C)(C)O,0.15,94,7
Cc1ccc(O)cc1,-0.73,87,5
CCOC=O,0.15,94,12
CN(C)c1ccccc1,-1.92,69,9
C1CCC2CCCCC2C1,-5.19,14,2
CCCCS,-2.18,64,4
c1ccc2c(c1)c3cccc4ccc5cccc2c5c43,-7.8,3,1
ClC(=C(Cl)Cl)Cl,-2.54,56,11
CCC(=O)CC,-0.28,92,2
C=CC#N,0.15,94,4
CC1CC2C3CC(F)C4=CC(=O)C=CC4(C)C3(F)C(O)CC2(C)C1(O)C(=O)CO,-5.613,11,0
CCCCC(=O)C,-0.8,86,2
CCNc1nc(NC(C)(C)C)nc(OC)n1,-3.239,42,11
CCCCC(C)CC,-5.16,14,2
BrCCBr,-1.68,73,4
CNC(=O)Oc1ccccc1C(C)C,-2.863,49,5
O=C1NCCN1c2ncc(s2)N(=O)=O,-3.22,43,6
C1c2ccccc2c3ccc4ccccc4c13,-6.68,6,6
COc1ccccc1Cl,-2.46,57,10
COP(=S)(OC)Oc1cc(Cl)c(Br)cc1Cl,-6.09,8,6
ClC(Cl)CC(=O)NC2=C(Cl)C(=O)c1ccccc1C2=O,-5.03,15,6
ClC(Cl)C(c1ccc(Cl)cc1)c2ccc(Cl)cc2 ,-7.2,4,5
COC(=O)C=C,-0.22,92,12
CN(C)C(=O)Nc2ccc(Oc1ccc(Cl)cc1)cc2,-4.89,16,9
N(=Nc1ccccc1)c2ccccc2,-4.45,22,9
CC(C)c1ccc(C)cc1,-3.77,33,5
Oc1c(Cl)cccc1Cl,-1.79,71,10
OCC2OC(OC1(CO)OC(CO)C(O)C1O)C(O)C(O)C2O ,0.79,98,11
OC1C(O)C(O)C(O)C(O)C1O,0.35,95,12
Cn2c(=O)n(C)c1ncn(CC(O)CO)c1c2=O,-0.17,92,6
OCC(NC(=O)C(Cl)Cl)C(O)c1ccc(cc1)N(=O)=O,-2.111,65,6
CCC(O)(CC)CC,-0.85,85,7
CC45CCC2C(CCC3CC1SC1CC23C)C4CCC5O,-5.41,12,0
Brc1ccccc1Br,-3.5,38,1
Oc1c(Cl)cc(Cl)cc1Cl,-2.34,60,10
CCCN(CCC)c1c(cc(cc1N(=O)=O)S(N)(=O)=O)N(=O)=O,-5.16,14,6
C2c1ccccc1N(CCF)C(=O)c3ccccc23 ,-4.799,18,6
CC(C)C(=O)C(C)C,-1.3,78,2
O=C1NC(=O)NC(=O)C1(C(C)C)CC=C(C)C,-2.593,54,8
c1c(O)C2C(=O)C3cc(O)ccC3OC2cc1(OC),-2.943,48,6
Cn1cnc2n(C)c(=O)n(C)c(=O)c12,-0.8759999999999999,85,6
CC(=O)SC4CC1=CC(=O)CCC1(C)C5CCC2(C)C(CCC23CCC(=O)O3)C45,-4.173,27,0
Cc1ccc(O)cc1C,-1.38,77,5
O(c1ccccc1)c2ccccc2,-3.96,30,10
Clc1cc(Cl)c(cc1Cl)c2cc(Cl)c(Cl)cc2Cl ,-8.56,1,3
NC(=O)c1cccnc1 ,0.61,97,11
Sc1ccccc1,-2.12,65,1
CNC(=O)Oc1cc(C)cc(C)c1,-2.5810000000000004,55,5
ClC1CC2C(C1Cl)C3(Cl)C(=C(Cl)C2(Cl)C3(Cl)Cl)Cl,-6.86,5,6
CSSC,-1.44,77,11
NC(=O)c1ccccc1,-0.96,84,5
Clc1ccccc1Br,-3.19,43,10
COC(=O)c1ccccc1OC2OC(COC3OCC(O)C(O)C3O)C(O)C(O)C2O,-0.742,87,6
CCCCC(O)CC,-1.47,76,7
CCN2c1nc(C)cc(C)c1NC(=O)c3cccnc23 ,-4.553999999999999,21,6
Oc1cc(Cl)cc(Cl)c1,-1.34,78,10
Cc1cccc2c1ccc3ccccc32,-5.85,9,1
CCCCC(CC)CO,-2.11,65,7
CC(C)N(C(C)C)C(=O)SCC(=CCl)Cl,-4.2860000000000005,25,11
Cc1ccccc1,-2.21,63,5
Clc1cccc(n1)C(Cl)(Cl)Cl,-3.76,33,11
C1CCC=CCC1,-3.18,44,2
CN(C)C(=S)SSC(=S)N(C)C ,-3.9,31,11
COC1=CC(=O)CC(C)C13Oc2c(Cl)c(OC)cc(OC)c2C3=O,-3.2460000000000004,42,6
CCCCCCCCCCO,-3.63,36,7
CCC(C)(C)CC,-4.23,26,2
CNC(=O)C(C)SCCSP(=O)(OC)(OC),1.144,99,11
Oc1cc(Cl)c(Cl)c(Cl)c1Cl,-3.15,44,10
CCCC=O,-0.01,93,2
CC4CC3C2CCC1=CC(=O)C=CC1(C)C2(F)C(O)CC3(C)C4(O)C(=O)COC(C)=O ,-4.9,16,0
CCCC,-2.57,55,2
COc1ccccc1O,-1.96,68,10
CC1CC2C3CCC(O)(C(=O)C)C3(C)CC(O)C2(F)C4(C)C=CC(=O)C=C14,-4.099,28,0
ClC(Cl)C(Cl)(Cl)Cl,-2.6,54,4
CCOC(=O)c1ccccc1C(=O)OCC,-2.35,60,5
CC(C)CO,0.1,94,12
CC(C)Cc1ccccc1,-4.12,28,5
ICI,-2.34,60,11
CCCC(O)CCC,-1.4,77,7
CCCCCOC(=O)C,-1.89,70,12
Oc1c(Cl)c(Cl)cc(Cl)c1Cl,-3.37,40,10
CCCc1ccccc1,-3.37,40,5
FC(F)(Cl)C(F)(F)Cl,-2.74,51,11
CC=CC=O,0.32,95,4
CN(C)C(=O)N(C)C ,0.94,98,11
Cc1cc(C)c(C)cc1C,-4.59,21,5
CC(=O)OC3(CCC4C2CCC1=CC(=O)CCC1C2CCC34C)C#C,-4.8,17,0
CCOP(=S)(OCC)N2C(=O)c1ccccc1C2=O,-3.35,41,6
c1ccccc1NC(=O)c2c(O)cccc2,-3.59,36,6
CCN(CC)C(=S)SCC(Cl)=C,-3.39,40,11
ClCC,-1.06,82,4
CC(=O)Nc1cc(NS(=O)(=O)C(F)(F)F)c(C)cc1C,-3.24,42,6
O=C(C=CC=Cc2ccc1OCOc1c2)N3CCCCC3,-3.46,39,6
CC/C=C\C,-2.54,56,4
CNC(=O)ON=C(CSC)C(C)(C)C ,-1.62,74,11
O=C2NC(=O)C1(CCCCCCC1)C(=O)N2,-2.982,48,8
c1(C(C)(C)C)cc(C(C)(C)C)cc(OC(=O)NC)c1,-4.24,26,5
Oc2cc(O)c1C(=O)CC(Oc1c2)c3ccc(O)c(O)c3,-3.62,36,6
O=C(c1ccccc1)c2ccccc2,-3.12,45,5
CCCCCCCCCCCCCCCCCCCC,-8.172,1,2
N(Nc1ccccc1)c2ccccc2 ,-2.92,49,9
CCC(CC)CO,-1.17,81,7
Oc1ccncc1,1.02,98,11
Cl\C=C/Cl,-1.3,78,11
CC1CCCC1,-3.3,41,2
CC(C)CC(C)O,-0.8,86,7
O2c1ccc(N)cc1N(C)C(=O)c3cc(C)ccc23 ,-3.928,31,6
CC(C)(C)CO,-0.4,91,12
CC(C)(C)C(=O)C(Oc1ccc(Cl)cc1)n2cncn2,-3.61,36,6
Cc1cc(no1)C(=O)NNCc2ccccc2,-2.461,57,6
CC=C,-1.08,82,4
Oc1ccc(Cl)cc1Cc2cc(Cl)ccc2O,-3.953,30,5
CCOC(=O)Nc2cccc(OC(=O)Nc1ccccc1)c2 ,-4.632,20,6
O=C1c2ccccc2C(=O)c3ccccc13,-5.19,14,5
CCCCCCC(C)O,-2.09,65,7
CC1=C(C(=O)Nc2ccccc2)S(=O)(=O)CCO1,-2.281,62,6
CCCCc1ccccc1,-4.06,29,5
O=C1NC(=O)C(=O)N1 ,-0.4,91,11
COP(=S)(OC)Oc1ccc(Sc2ccc(OP(=S)(OC)OC)cc2)cc1,-6.237,8,11
NS(=O)(=O)c1cc(ccc1Cl)C2(O)NC(=O)c3ccccc23,-3.451,39,6
CC(C)COC(=O)C,-1.21,80,12
CC(C)C(C)(C)C,-4.36,24,2
Clc1ccc(c(Cl)c1Cl)c2c(Cl)cc(Cl)c(Cl)c2Cl ,-7.66,3,3
N#Cc1ccccc1C#N,-2.38,59,5
Cc1cccc(c1)N(=O)=O,-2.44,57,9
FC(F)(F)C(Cl)Br ,-1.71,73,11
CNC(=O)ON=C(SC)C(=O)N(C)C,0.106,94,11
CCSCCSP(=S)(OC)OC,-3.091,46,11
CCC(C)C,-3.18,44,2
COP(=O)(OC)OC(=CCl)c1cc(Cl)c(Cl)cc1Cl,-4.522,22,6
